Date,Survey_Period,Observer,Plot_ID,Treatment,Urchin_Code,Size,
9/24/2024,Baseline,JC,1,Mesh,ECMA,3,
9/24/2024,Baseline,DTP,2,Control,ECMA,3,
9/24/2024,Baseline,DTP,2,Control,ECMA,2,
9/24/2024,Baseline,DTP,2,Control,ECMA,4,
9/24/2024,Baseline,JC,3,Boulder,ECMA,4,
9/24/2024,Baseline,JC,3,Boulder,ECMA,3.5,
9/24/2024,Baseline,JC,3,Boulder,ECST,1.5,
9/24/2024,Baseline,DTP,4,Control,,,
9/24/2024,Baseline,CSC,5,Control,,,
9/25/2024,Baseline,IB,6,Mesh,,,
9/24/2025,Baseline,CA,7,Boulder,,,
9/25/2024,Baseline,IB,8,Boulder,,,
9/24/2025,Baseline,CA,9,Boulder,,,
9/24/2024,Baseline,CGA,9,Boulder,,,
9/25/2024,Baseline,IB,10,Control,,,
9/24/2024,Baseline,CGA,11,Boulder,ECMA,3,
9/24/2024,Baseline,CGA,11,Boulder,ECMA,2,
9/24/2024,Baseline,CGA,11,Boulder,ECMA,1.5,
9/24/2024,Baseline,CGA,11,Boulder,ECMA,2,
9/25/2024,Baseline,IB,12,Mesh,,,
9/24/2024,Baseline,CGA,13,Control,ECMA,2,
9/25/2024,Baseline,IB,14,Mesh,ECTH,1,
9/25/2024,Baseline,IB,14,Mesh,ECMA,2.5,
9/25/2024,Baseline,IB,14,Mesh,ECMA,2,
9/25/2024,Baseline,IB,15,Boulder,,,
9/24/2025,Baseline,AS,16,Mesh,,,
9/25/2024,Baseline,JC,17,Boulder,ECST,2,
9/24/2024,Baseline,AS,18,Mesh,,,
10/10/2024,Baseline,MSL,19,Control,,,
9/25/2024,Baseline,AS,20,Control,ECMA,4.5,
9/25/2024,Baseline,JC,21,Boulder,ECST,1.5,
9/25/2024,Baseline,JC,21,Boulder,ECST,2,
9/25/2024,Baseline,JC,21,Boulder,ECST,2,
9/25/2024,Baseline,JC,21,Boulder,ECST,2,
9/25/2024,Baseline,IB,22,Boulder,,,
9/25/2024,Baseline,JC,23,Control,ECST,3,
9/25/2024,Baseline,IB,24,Mesh,,,
9/25/2025,Baseline,JC,25,Boulder,,,
9/25/2024,Baseline,IB,26,Control,ECMA,3.5,
9/25/2024,Baseline,IB,26,Control,ECTH,1,
9/24/2024,Baseline,CGA,27,Mesh,,,
9/25/2025,Baseline,AS,28,Mesh,,,
9/24/2024,Baseline,CGA,29,Control,,,
9/25/2024,Baseline,AS,30,Mesh,TRGA,7,
10/8/2024,Baseline,MSL,0(R),Reference,ECMA,3,
10/8/2024,Baseline,MSL,0(R),Reference,ECMA,3,
10/8/2024,Baseline,MSL,0(R),Reference,ECMA,3,
10/8/2024,Baseline,MSL,0(R),Reference,ECMA,3,
10/8/2024,Baseline,MSL,0(R),Reference,ECMA,3,
10/8/2024,Baseline,MSL,0(R),Reference,ECMA,3,
10/8/2024,Baseline,MSL,0(R),Reference,ECMA,3,
10/8/2024,Baseline,MSL,0(R),Reference,ECMA,2,
10/8/2024,Baseline,MSL,0(R),Reference,ECMA,2,
10/8/2024,Baseline,MSL,0(R),Reference,ECMA,2,
10/8/2024,Baseline,MSL,0(R),Reference,ECMA,2,
10/8/2024,Baseline,MSL,0(R),Reference,ECMA,2,
10/8/2024,Baseline,MSL,0(R),Reference,ECMA,4,
10/8/2024,Baseline,MSL,0(R),Reference,ECMA,4,
10/8/2024,Baseline,MSL,0(R),Reference,ECMA,1.5,
10/8/2024,Baseline,MSL,0(R),Reference,ECMA,1.5,
10/8/2024,Baseline,MSL,0(R),Reference,ECMA,3.5,
10/10/2024,Baseline,MSL,12(R),Reference,ECMA,4,
10/10/2024,Baseline,MSL,12(R),Reference,ECMA,2,
10/10/2024,Baseline,MSL,12(R),Reference,ECMA,2,
10/10/2024,Baseline,MSL,12(R),Reference,ECMA,3,
10/10/2024,Baseline,MSL,12(R),Reference,ECMA,3,
10/10/2024,Baseline,MSL,12(R),Reference,ECMA,3,
10/10/2024,Baseline,MSL,12(R),Reference,ECMA,4,
10/10/2024,Baseline,MSL,12(R),Reference,ECMA,4,
10/10/2024,Baseline,MSL,12(R),Reference,ECMA,2,
10/10/2024,Baseline,MSL,12(R),Reference,ECMA,3,
10/10/2024,Baseline,MSL,12(R),Reference,ECMA,1.5,
10/10/2024,Baseline,MSL,12(R),Reference,ECMA,3,
10/10/2024,Baseline,MSL,12(R),Reference,ECMA,3,
10/10/2024,Baseline,MSL,12(R),Reference,ECMA,2,
10/10/2024,Baseline,MSL,12(R),Reference,ECST,2.5,
10/10/2024,Baseline,MSL,12(R),Reference,ECMA,1,
10/10/2024,Baseline,MSL,12(R),Reference,ECMA,4,
10/10/2024,Baseline,MSL,12(R),Reference,ECMA,4,
10/10/2024,Baseline,MSL,12(R),Reference,ECMA,1,
10/10/2024,Baseline,MSL,12(R),Reference,ECMA,3,
10/10/2024,Baseline,MSL,12(R),Reference,ECMA,2.5,
10/10/2024,Baseline,MSL,12(R),Reference,ECMA,3,
10/10/2024,Baseline,MSL,12(R),Reference,ECMA,3,
10/10/2024,Baseline,MSL,12(R),Reference,ECMA,1,
10/23/2024,Baseline,CSC,12(R),Reference,ECMA,3.5,
10/23/2024,Baseline,CSC,12(R),Reference,ECMA,2,
10/23/2024,Baseline,CSC,12(R),Reference,ECMA,1.5,
10/23/2024,Baseline,CSC,12(R),Reference,ECMA,3,
10/23/2024,Baseline,CSC,12(R),Reference,ECMA,1,
10/23/2024,Baseline,CSC,12(R),Reference,ECMA,3,
10/23/2024,Baseline,CSC,12(R),Reference,ECMA,2,
10/23/2024,Baseline,CSC,12(R),Reference,ECMA,3,
10/23/2024,Baseline,CSC,12(R),Reference,ECMA,3,
10/23/2024,Baseline,CSC,12(R),Reference,ECMA,2,
10/23/2024,Baseline,CSC,12(R),Reference,ECMA,2,
10/23/2024,Baseline,CSC,12(R),Reference,ECMA,2.5,
10/23/2024,Baseline,CSC,12(R),Reference,ECMA,3,
10/23/2024,Baseline,CSC,12(R),Reference,ECMA,4,
10/23/2024,Baseline,CSC,12(R),Reference,ECMA,2,
10/23/2024,Baseline,CSC,12(R),Reference,ECMA,3,
10/23/2024,Baseline,CSC,12(R),Reference,ECMA,0.5,
10/23/2024,Baseline,CSC,12(R),Reference,ECST,2,
10/8/2024,Baseline,AS,14(L),Reference,ECMA,2,ECAC
10/8/2024,Baseline,AS,14(L),Reference,ECMA,2.1,
10/8/2024,Baseline,AS,14(L),Reference,ECMA,2.4,
10/8/2024,Baseline,AS,14(L),Reference,ECMA,3.3,
10/8/2024,Baseline,AS,14(L),Reference,ECMA,2.9,
10/8/2024,Baseline,AS,14(L),Reference,ECMA,1.9,
10/8/2024,Baseline,AS,14(L),Reference,ECMA,1.1,
10/8/2024,Baseline,AS,14(L),Reference,ECMA,2.9,
10/8/2024,Baseline,AS,14(L),Reference,ECMA,3.4,
10/8/2024,Baseline,AS,14(L),Reference,ECMA,4.2,
10/8/2024,Baseline,AS,14(L),Reference,ECMA,2.8,
10/8/2024,Baseline,AS,14(L),Reference,ECMA,3,
10/8/2024,Baseline,AS,14(L),Reference,ECMA,5.7,
10/8/2024,Baseline,AS,14(L),Reference,ECMA,1,
10/8/2024,Baseline,AS,14(L),Reference,ECMA,1.5,
10/8/2024,Baseline,AS,14(L),Reference,ECMA,3,
10/8/2024,Baseline,AS,14(L),Reference,ECMA,3.9,
10/8/2024,Baseline,AS,14(L),Reference,ECMA,1.4,
10/8/2024,Baseline,AS,14(L),Reference,ECMA,1.8,
10/8/2024,Baseline,AS,14(L),Reference,ECMA,3.8,
10/8/2024,Baseline,AS,14(L),Reference,ECMA,2,
10/8/2024,Baseline,AS,14(L),Reference,ECMA,2.7,
10/8/2024,Baseline,AS,14(L),Reference,ECMA,4.1,
10/8/2024,Baseline,AS,14(L),Reference,ECMA,1.7,
10/8/2024,Baseline,AS,14(L),Reference,ECMA,3.3,
10/8/2024,Baseline,AS,14(L),Reference,ECMA,0.8,
10/8/2024,Baseline,AS,14(L),Reference,ECMA,2.6,
10/8/2024,Baseline,AS,14(L),Reference,ECMA,3,
10/8/2024,Baseline,AS,14(L),Reference,ECMA,3.8,
10/8/2024,Baseline,AS,14(L),Reference,ECMA,4,
10/8/2024,Baseline,AS,14(L),Reference,ECMA,2.4,
10/8/2024,Baseline,AS,14(L),Reference,ECMA,3.3,
10/8/2024,Baseline,MSL,2(L),Reference,ECMA,4,
10/8/2024,Baseline,MSL,2(L),Reference,ECMA,4,
10/8/2024,Baseline,MSL,2(L),Reference,ECMA,4,
10/8/2024,Baseline,MSL,2(L),Reference,ECMA,4,
10/8/2024,Baseline,MSL,2(L),Reference,ECMA,2,
10/8/2024,Baseline,MSL,2(L),Reference,ECMA,2,
10/8/2024,Baseline,MSL,2(L),Reference,ECMA,2,
10/8/2024,Baseline,MSL,2(L),Reference,ECMA,2,
10/8/2024,Baseline,MSL,2(L),Reference,ECMA,2,
10/8/2024,Baseline,MSL,2(L),Reference,ECMA,2,
10/8/2024,Baseline,MSL,2(L),Reference,ECMA,2,
10/8/2024,Baseline,MSL,2(L),Reference,ECMA,2,
10/8/2024,Baseline,MSL,2(L),Reference,ECMA,1.5,
10/8/2024,Baseline,MSL,2(L),Reference,ECMA,1,
10/8/2024,Baseline,MSL,2(L),Reference,ECMA,1,
10/8/2024,Baseline,MSL,2(L),Reference,ECMA,1,
10/8/2024,Baseline,MSL,2(L),Reference,ECMA,3,
10/8/2024,Baseline,MSL,2(L),Reference,ECMA,3,
10/8/2024,Baseline,MSL,2(L),Reference,ECMA,5,
10/8/2024,Baseline,MSL,2(L),Reference,ECMA,3.5,
10/8/2024,Baseline,MSL,3(R),Reference,DISP,5,
10/8/2024,Baseline,MSL,3(R),Reference,ECST,2,
10/8/2024,Baseline,MSL,3(R),Reference,ECMA,1.5,
10/8/2024,Baseline,MSL,3(R),Reference,ECMA,4,
10/8/2024,Baseline,MSL,3(R),Reference,ECMA,4,
10/8/2024,Baseline,MSL,3(R),Reference,ECMA,3,
10/8/2024,Baseline,MSL,3(R),Reference,ECMA,3,
10/8/2024,Baseline,MSL,3(R),Reference,ECMA,2.5,
10/8/2024,Baseline,MSL,3(R),Reference,ECMA,2.5,
10/8/2024,Baseline,MSL,3(R),Reference,ECMA,1.5,
10/8/2024,Baseline,MSL,3(R),Reference,ECMA,4,
10/8/2024,Baseline,MSL,3(R),Reference,ECMA,3,
10/8/2024,Baseline,MSL,3(R),Reference,ECMA,3,
10/8/2024,Baseline,MSL,3(R),Reference,ECMA,2.5,
10/8/2024,Baseline,MSL,3(R),Reference,ECMA,2.5,
10/8/2024,Baseline,MSL,3(R),Reference,ECMA,4,
10/8/2024,Baseline,MSL,3(R),Reference,DISP,5,
10/8/2024,Baseline,MSL,3(R),Reference,ECST,2,
10/10/2024,Baseline,CSC,5(L),Reference,ECMA,4,
10/10/2024,Baseline,CSC,5(L),Reference,ECMA,3,
10/10/2024,Baseline,CSC,5(L),Reference,ECMA,2,
10/10/2024,Baseline,CSC,5(L),Reference,ECMA,2,
10/10/2024,Baseline,CSC,5(L),Reference,ECMA,2,
10/10/2024,Baseline,CSC,5(L),Reference,ECMA,3,
10/10/2024,Baseline,CSC,5(L),Reference,ECMA,2,
10/10/2024,Baseline,CSC,5(L),Reference,ECMA,1.5,
10/10/2024,Baseline,CSC,5(L),Reference,ECMA,2,
10/10/2024,Baseline,CSC,5(L),Reference,ECMA,3,
10/10/2024,Baseline,CSC,5(L),Reference,ECMA,2,
10/10/2024,Baseline,CSC,5(L),Reference,ECMA,3,
10/10/2024,Baseline,CSC,5(L),Reference,ECMA,2,
10/10/2024,Baseline,CSC,5(L),Reference,ECMA,2,
10/10/2024,Baseline,CSC,5(L),Reference,ECMA,3,
10/10/2024,Baseline,CSC,5(L),Reference,ECMA,1,
10/10/2024,Baseline,CSC,5(L),Reference,ECMA,3,
10/10/2024,Baseline,CSC,5(L),Reference,ECMA,2,
10/10/2024,Baseline,CSC,5(L),Reference,ECMA,2,
10/10/2024,Baseline,CSC,5(L),Reference,ECMA,2,
10/10/2024,Baseline,CSC,5(L),Reference,ECMA,3,
10/10/2024,Baseline,CSC,5(L),Reference,ECMA,1,
10/10/2024,Baseline,CSC,5(L),Reference,ECMA,2,
10/10/2024,Baseline,CSC,5(L),Reference,ECMA,2,
10/10/2024,Baseline,CSC,5(L),Reference,ECMA,2,
10/10/2024,Baseline,CSC,5(L),Reference,ECMA,3,
10/10/2024,Baseline,CSC,5(L),Reference,ECMA,3,
10/10/2024,Baseline,CSC,5(L),Reference,ECMA,4,
10/10/2024,Baseline,CSC,5(L),Reference,ECMA,3,
10/10/2024,Baseline,CSC,5(L),Reference,ECMA,2,
10/10/2024,Baseline,CSC,5(L),Reference,ECMA,1,
10/10/2024,Baseline,CSC,5(L),Reference,ECTH,5,
10/10/2024,Baseline,CSC,5(L),Reference,ECTH,5.5,
10/10/2024,Baseline,CSC,6(R),Reference,ECMA,3.5,
10/10/2024,Baseline,CSC,6(R),Reference,ECMA,2,
10/10/2024,Baseline,CSC,6(R),Reference,ECMA,1,
10/10/2024,Baseline,CSC,6(R),Reference,ECMA,2,
10/10/2024,Baseline,CSC,6(R),Reference,ECMA,1,
10/10/2024,Baseline,CSC,6(R),Reference,ECMA,3,
10/10/2024,Baseline,CSC,6(R),Reference,ECMA,2,
10/10/2024,Baseline,CSC,6(R),Reference,ECMA,2,
10/10/2024,Baseline,CSC,6(R),Reference,ECMA,1,
10/10/2024,Baseline,CSC,6(R),Reference,ECMA,3,
10/10/2024,Baseline,CSC,6(R),Reference,ECMA,3,
10/10/2024,Baseline,CSC,6(R),Reference,ECMA,3,
10/10/2024,Baseline,CSC,6(R),Reference,ECMA,4,
10/10/2024,Baseline,CSC,6(R),Reference,ECMA,3,
10/10/2024,Baseline,CSC,6(R),Reference,ECMA,3,
10/10/2024,Baseline,CSC,6(R),Reference,ECST,1,
10/10/2024,Baseline,CSC,6(R),Reference,ECST,1.5,
10/10/2024,Baseline,CSC,6(R),Reference,ECST,2,
10/9/2024,Baseline,CGA,8(L),Reference,HEMA,5,
10/9/2024,Baseline,CGA,8(L),Reference,HEMA,7,
10/9/2024,Baseline,CGA,8(L),Reference,ECST,7,
10/9/2024,Baseline,CGA,8(L),Reference,ECST,7,
10/9/2024,Baseline,CGA,8(L),Reference,ECST,6,
10/9/2024,Baseline,CGA,8(L),Reference,ECMA,2.5,
10/9/2024,Baseline,CGA,8(L),Reference,ECMA,1,
10/9/2024,Baseline,CGA,8(L),Reference,ECMA,1,
10/9/2024,Baseline,CGA,8(L),Reference,ECMA,2,
10/9/2024,Baseline,CGA,8(L),Reference,ECMA,2,
10/9/2024,Baseline,CGA,8(L),Reference,ECMA,1,
10/9/2024,Baseline,CGA,8(L),Reference,ECMA,1.5,
10/9/2024,Baseline,CGA,8(L),Reference,ECMA,1.5,
10/9/2024,Baseline,CGA,8(L),Reference,ECMA,2,
10/9/2024,Baseline,CGA,8(L),Reference,ECMA,3,
10/9/2024,Baseline,CGA,8(L),Reference,ECMA,3,
10/9/2024,Baseline,CGA,8(L),Reference,ECMA,3,
10/9/2024,Baseline,CGA,8(L),Reference,ECMA,1,
10/9/2024,Baseline,CGA,8(L),Reference,ECMA,1.5,
10/9/2024,Baseline,CGA,8(L),Reference,ECMA,3,
10/9/2024,Baseline,CGA,8(L),Reference,ECMA,2,
10/9/2024,Baseline,CGA,8(L),Reference,ECMA,2,
10/9/2024,Baseline,CGA,8(L),Reference,ECMA,1,
10/9/2024,Baseline,CGA,8(L),Reference,ECMA,1,
10/9/2024,Baseline,CGA,8(L),Reference,ECMA,2,
10/9/2024,Baseline,CGA,8(L),Reference,ECMA,1,
10/9/2024,Baseline,CGA,8(L),Reference,ECMA,3,
10/9/2024,Baseline,CGA,8(L),Reference,ECMA,3.5,
10/9/2024,Baseline,CGA,8(L),Reference,ECMA,4,
10/9/2024,Baseline,CGA,8(L),Reference,ECMA,2,
10/9/2024,Baseline,CGA,8(L),Reference,ECMA,2,
10/9/2024,Baseline,CGA,8(L),Reference,ECMA,1,
10/9/2024,Baseline,CGA,8(L),Reference,ECMA,3,
10/9/2024,Baseline,CGA,8(L),Reference,ECMA,3,
10/9/2024,Baseline,CGA,8(L),Reference,ECMA,2.5,
10/9/2024,Baseline,CGA,8(L),Reference,ECMA,2.5,
10/9/2024,Baseline,CGA,8(L),Reference,ECMA,2,
10/9/2024,Baseline,CGA,8(L),Reference,ECMA,3,
10/9/2024,Baseline,CGA,8(L),Reference,ECMA,3.5,
10/9/2024,Baseline,CGA,8(L),Reference,ECMA,2,
10/9/2024,Baseline,CGA,8(L),Reference,ECMA,1.5,
10/9/2024,Baseline,CGA,8(L),Reference,ECMA,2,
10/9/2024,Baseline,CGA,8(L),Reference,ECMA,3,
10/9/2024,Baseline,CGA,8(L),Reference,ECMA,2,
10/9/2024,Baseline,CGA,8(L),Reference,ECMA,1,
10/9/2024,Baseline,CGA,8(L),Reference,ECMA,1.5,
10/9/2024,Baseline,CGA,8(L),Reference,ECMA,1,
10/9/2024,Baseline,CGA,8(L),Reference,ECMA,2,
10/9/2024,Baseline,CGA,8(L),Reference,HEMA,5,
10/9/2024,Baseline,CGA,8(L),Reference,HEMA,7,
10/9/2024,Baseline,CGA,8(L),Reference,ECST,7,
10/9/2024,Baseline,CGA,8(L),Reference,ECST,7,
10/9/2024,Baseline,CGA,8(L),Reference,ECST,6,
10/9/2024,Baseline,CGA,8(L),Reference,ECMA,2.5,
10/9/2024,Baseline,CGA,8(L),Reference,ECMA,1,
10/9/2024,Baseline,CGA,8(L),Reference,ECMA,1,
10/9/2024,Baseline,CGA,8(L),Reference,ECMA,2,
10/9/2024,Baseline,CGA,8(L),Reference,ECMA,2,
10/9/2024,Baseline,CGA,8(L),Reference,ECMA,1,
10/9/2024,Baseline,CGA,8(L),Reference,ECMA,1.5,
10/9/2024,Baseline,CGA,8(L),Reference,ECMA,1.5,
10/9/2024,Baseline,CGA,8(L),Reference,ECMA,2,
10/9/2024,Baseline,CGA,8(L),Reference,ECMA,3,
10/9/2024,Baseline,CGA,8(L),Reference,ECMA,3,
10/9/2024,Baseline,CGA,8(L),Reference,ECMA,3,
10/9/2024,Baseline,CGA,8(L),Reference,ECMA,1,
10/9/2024,Baseline,CGA,8(L),Reference,ECMA,1.5,
10/9/2024,Baseline,CGA,8(L),Reference,ECMA,3,
10/9/2024,Baseline,CGA,8(L),Reference,ECMA,2,
10/9/2024,Baseline,CGA,8(L),Reference,ECMA,2,
10/9/2024,Baseline,CGA,8(L),Reference,ECMA,1,
10/9/2024,Baseline,CGA,8(L),Reference,ECMA,1,
10/9/2024,Baseline,CGA,8(L),Reference,ECMA,2,
10/9/2024,Baseline,CGA,8(L),Reference,ECMA,1,
10/9/2024,Baseline,CGA,8(L),Reference,ECMA,3,
10/9/2024,Baseline,CGA,8(L),Reference,ECMA,3.5,
10/9/2024,Baseline,CGA,8(L),Reference,ECMA,4,
10/9/2024,Baseline,CGA,8(L),Reference,ECMA,2,
10/9/2024,Baseline,CGA,8(L),Reference,ECMA,2,
10/9/2024,Baseline,CGA,8(L),Reference,ECMA,1,
10/9/2024,Baseline,CGA,8(L),Reference,ECMA,3,
10/9/2024,Baseline,CGA,8(L),Reference,ECMA,3,
10/9/2024,Baseline,CGA,8(L),Reference,ECMA,2.5,
10/9/2024,Baseline,CGA,8(L),Reference,ECMA,2.5,
10/9/2024,Baseline,CGA,8(L),Reference,ECMA,2,
10/9/2024,Baseline,CGA,8(L),Reference,ECMA,3,
10/9/2024,Baseline,CGA,8(L),Reference,ECMA,3.5,
10/9/2024,Baseline,CGA,8(L),Reference,ECMA,2,
10/9/2024,Baseline,CGA,8(L),Reference,ECMA,1.5,
10/9/2024,Baseline,CGA,8(L),Reference,ECMA,2,
10/9/2024,Baseline,CGA,8(L),Reference,ECMA,3,
10/9/2024,Baseline,CGA,8(L),Reference,ECMA,2,
10/9/2024,Baseline,CGA,8(L),Reference,ECMA,1,
10/9/2024,Baseline,CGA,8(L),Reference,ECMA,1.5,
10/9/2024,Baseline,CGA,8(L),Reference,ECMA,1,
10/9/2024,Baseline,CGA,8(L),Reference,ECMA,2,
10/9/2024,Baseline,CGA,9(R),Reference,ECMA,2,
10/9/2024,Baseline,CGA,9(R),Reference,ECMA,5,
10/9/2024,Baseline,CGA,9(R),Reference,ECMA,2.5,
10/9/2024,Baseline,CGA,9(R),Reference,ECMA,3,
10/9/2024,Baseline,CGA,9(R),Reference,ECMA,1.5,
10/9/2024,Baseline,CGA,9(R),Reference,ECMA,3,
10/9/2024,Baseline,CGA,9(R),Reference,ECMA,4,
10/9/2024,Baseline,CGA,9(R),Reference,ECMA,2,
10/9/2024,Baseline,CGA,9(R),Reference,ECMA,1.5,
10/9/2024,Baseline,CGA,9(R),Reference,ECMA,2,
10/9/2024,Baseline,CGA,9(R),Reference,ECMA,3,
10/9/2024,Baseline,CGA,9(R),Reference,ECMA,2.5,
10/9/2024,Baseline,CGA,9(R),Reference,ECMA,3.5,
10/9/2024,Baseline,CGA,9(R),Reference,ECMA,4,
10/9/2024,Baseline,CGA,9(R),Reference,ECMA,1.5,
10/9/2024,Baseline,CGA,9(R),Reference,ECMA,3,
10/9/2024,Baseline,CGA,9(R),Reference,ECMA,2.5,
10/9/2024,Baseline,CGA,9(R),Reference,ECMA,1,
10/9/2024,Baseline,CGA,9(R),Reference,ECMA,1,
10/9/2024,Baseline,CGA,9(R),Reference,ECMA,1,
10/9/2024,Baseline,CGA,9(R),Reference,ECMA,1,
10/9/2024,Baseline,CGA,9(R),Reference,ECMA,2,
10/9/2024,Baseline,CGA,9(R),Reference,ECMA,3,
10/9/2024,Baseline,CGA,9(R),Reference,ECMA,3.5,
10/9/2024,Baseline,CGA,9(R),Reference,ECMA,2,
10/9/2024,Baseline,CGA,9(R),Reference,ECMA,1.5,
10/9/2024,Baseline,CGA,9(R),Reference,ECMA,3,
10/9/2024,Baseline,CGA,9(R),Reference,ECMA,2,
10/9/2024,Baseline,CGA,9(R),Reference,ECMA,4.5,
10/9/2024,Baseline,CGA,9(R),Reference,ECMA,2.5,
10/9/2024,Baseline,CGA,9(R),Reference,ECMA,2,
10/9/2024,Baseline,CGA,9(R),Reference,ECMA,1,
10/9/2024,Baseline,CGA,9(R),Reference,ECMA,1.5,
10/9/2024,Baseline,CGA,9(R),Reference,ECMA,1.5,
10/9/2024,Baseline,CGA,9(R),Reference,ECMA,2.5,
10/9/2024,Baseline,CGA,9(R),Reference,ECMA,2,
10/9/2024,Baseline,CGA,9(R),Reference,ECMA,2,
10/9/2024,Baseline,CGA,9(R),Reference,ECMA,3,
10/9/2024,Baseline,CGA,9(R),Reference,ECMA,3.5,
10/9/2024,Baseline,CGA,9(R),Reference,ECMA,2,
10/9/2024,Baseline,CGA,9(R),Reference,ECMA,1.5,
10/9/2024,Baseline,CGA,9(R),Reference,ECMA,3,
10/9/2024,Baseline,CGA,9(R),Reference,ECMA,2,
10/9/2024,Baseline,CGA,9(R),Reference,ECMA,4.5,
10/9/2024,Baseline,CGA,9(R),Reference,ECMA,2.5,
10/9/2024,Baseline,CGA,9(R),Reference,ECMA,2,
10/9/2024,Baseline,CGA,9(R),Reference,ECMA,1,
10/9/2024,Baseline,CGA,9(R),Reference,ECMA,1.5,
10/9/2024,Baseline,CGA,9(R),Reference,ECMA,1.5,
10/9/2024,Baseline,CGA,9(R),Reference,ECMA,2.5,
10/9/2024,Baseline,CGA,9(R),Reference,ECMA,2,
10/9/2024,Baseline,CGA,9(R),Reference,ECMA,2,
10/9/2024,Baseline,CGA,9(R),Reference,ECMA,2.5,
10/9/2024,Baseline,CGA,9(R),Reference,ECMA,2.5,
10/9/2024,Baseline,CGA,9(R),Reference,ECMA,3,
10/9/2024,Baseline,CGA,9(R),Reference,ECMA,1.5,
10/9/2024,Baseline,CGA,9(R),Reference,ECMA,3,
10/9/2024,Baseline,CGA,9(R),Reference,ECMA,4,
10/9/2024,Baseline,CGA,9(R),Reference,ECMA,2,
10/9/2024,Baseline,CGA,9(R),Reference,ECMA,1.5,
10/9/2024,Baseline,CGA,9(R),Reference,ECMA,2,
10/9/2024,Baseline,CGA,9(R),Reference,ECMA,3,
10/9/2024,Baseline,CGA,9(R),Reference,ECMA,2.5,
10/9/2024,Baseline,CGA,9(R),Reference,ECMA,3.5,
10/9/2024,Baseline,CGA,9(R),Reference,ECMA,4,
10/9/2024,Baseline,CGA,9(R),Reference,ECMA,1.5,
10/9/2024,Baseline,CGA,9(R),Reference,ECMA,3,
10/9/2024,Baseline,CGA,9(R),Reference,ECMA,2.5,
10/9/2024,Baseline,CGA,9(R),Reference,ECMA,1,
10/9/2024,Baseline,CGA,9(R),Reference,ECMA,1,
10/9/2024,Baseline,CGA,9(R),Reference,ECMA,1,
10/9/2024,Baseline,CGA,9(R),Reference,ECMA,1,
10/9/2024,Baseline,CGA,9(R),Reference,ECMA,2,
10/22/2024,T0_Post_Installation,CGA,1,Mesh,,,
10/23/2024,T0_Post_Installation,CSC,3,Boulder,ECMA,3,
10/23/2024,T0_Post_Installation,CSC,3,Boulder,ECMA,1.5,
10/23/2024,T0_Post_Installation,CSC,3,Boulder,ACTH,1,
10/23/2024,T0_Post_Installation,CSC,3,Boulder,ECST,2,
10/10/2024,T0_Post_Installation,CSC,6,Mesh,,,
10/23/2024,T0_Post_Installation,JC,7,Boulder,ECMA,2,
10/23/2024,T0_Post_Installation,JC,7,Boulder,ECMA,2.5,
10/23/2024,T0_Post_Installation,JC,7,Boulder,ECMA,1,
10/23/2024,T0_Post_Installation,JC,7,Boulder,ECMA,1.5,
10/23/2024,T0_Post_Installation,JC,7,Boulder,ECTH,3,
10/23/2024,T0_Post_Installation,IB,8,Boulder,ECTH,90.5,
10/23/2024,T0_Post_Installation,CSC,9,Boulder,ECTH,4.5,
10/23/2024,T0_Post_Installation,CSC,9,Boulder,ECTH,2,
10/23/2024,T0_Post_Installation,CSC,9,Boulder,ECTH,1.5,
10/23/2024,T0_Post_Installation,CSC,9,Boulder,ECMA,1,
10/23/2024,T0_Post_Installation,JC,11,Boulder,ECMA,1.5,
10/23/2024,T0_Post_Installation,JC,11,Boulder,ECMA,3,
10/23/2024,T0_Post_Installation,JC,11,Boulder,ECMA,1.5,
10/10/2024,T0_Post_Installation,CSC,12,Mesh,,,
10/10/2024,T0_Post_Installation,IB,14,Mesh,ECMA,4,
10/10/2024,T0_Post_Installation,IB,14,Mesh,ECMA,2.5,
10/23/2024,T0_Post_Installation,MSL,15,Boulder,ECMA,2.5,
10/23/2024,T0_Post_Installation,MSL,15,Boulder,ECMA,1,
10/23/2024,T0_Post_Installation,MSL,15,Boulder,ECMA,1.5,
10/23/2024,T0_Post_Installation,MSL,15,Boulder,ECST,1,
10/23/2024,T0_Post_Installation,MSL,15,Boulder,ECST,1.5,
10/10/2024,T0_Post_Installation,MSL,16,Mesh,,,
23-Oct,T0_Post_Installation,CSC,17,Boulder,ECMA,1,
23-Oct,T0_Post_Installation,CSC,17,Boulder,ECTH,4,
10/10/2024,T0_Post_Installation,IB,18,Mesh,,,
10/23/2024,T0_Post_Installation,JC,21,Boulder,ECST,1.5,
10/23/2024,T0_Post_Installation,JC,21,Boulder,ECMA,1,
10/23/2024,T0_Post_Installation,MSL,22,Boulder,ECTH,2,
10/23/2024,T0_Post_Installation,MSL,22,Boulder,ECTH,3,
10/23/2024,T0_Post_Installation,MSL,22,Boulder,ECMA,1.5,
10/23/2024,T0_Post_Installation,MSL,22,Boulder,ECMA,1.5,
10/23/2024,T0_Post_Installation,MSL,22,Boulder,ECMA,1.5,
10/23/2024,T0_Post_Installation,MSL,22,Boulder,ECST,2,
10/10/2024,T0_Post_Installation,CSC,24,Mesh,,,
10/23/2024,T0_Post_Installation,JC,25,Boulder,DISP,3,
10/23/2024,T0_Post_Installation,JC,25,Boulder,ECMA,0.5,
10/23/2024,T0_Post_Installation,JC,25,Boulder,ECMA,2,
10/23/2024,T0_Post_Installation,JC,25,Boulder,ECTH,1.5,
10/23/2024,T0_Post_Installation,JC,25,Boulder,ECTH,0.5,
10/23/2024,T0_Post_Installation,JC,25,Boulder,ECST,1,
10/10/2024,T0_Post_Installation,IB,27,Mesh,,,
10/10/2024,T0_Post_Installation,MSL,28,Mesh,,,
10/10/2024,T0_Post_Installation,CSC,30,Mesh,,,
10/10/2024,Baseline,IB,11(L),Reference,HEMA,8,
10/10/2024,Baseline,IB,11(L),Reference,DISP,7,
10/10/2024,Baseline,IB,11(L),Reference,DISP,7.5,
10/10/2024,Baseline,IB,11(L),Reference,DISP,8.5,
10/10/2024,Baseline,IB,11(L),Reference,DISP,6,
10/10/2024,Baseline,IB,11(L),Reference,DISP,6.5,
10/10/2024,Baseline,IB,11(L),Reference,DISP,6.7,
10/10/2024,Baseline,IB,11(L),Reference,DISP,6.5,
10/10/2024,Baseline,IB,11(L),Reference,ECMA,5,
10/10/2024,Baseline,IB,11(L),Reference,ECMA,3.5,
10/10/2024,Baseline,IB,11(L),Reference,ECMA,5,
10/10/2024,Baseline,IB,11(L),Reference,ECMA,2,
10/10/2024,Baseline,IB,11(L),Reference,ECMA,2,
10/10/2024,Baseline,IB,11(L),Reference,ECMA,2.5,
10/10/2024,Baseline,IB,11(L),Reference,ECMA,3,
10/10/2024,Baseline,IB,11(L),Reference,ECMA,3.5,
10/10/2024,Baseline,IB,11(L),Reference,ECMA,4,
10/10/2024,Baseline,IB,11(L),Reference,ECMA,2,
10/10/2024,Baseline,IB,11(L),Reference,ECMA,4.8,
10/10/2024,Baseline,IB,11(L),Reference,ECMA,3.5,
10/10/2024,Baseline,IB,11(L),Reference,ECMA,5,
10/10/2024,Baseline,IB,11(L),Reference,ECMA,2,
10/10/2024,Baseline,IB,11(L),Reference,ECMA,4.5,
10/10/2024,Baseline,IB,11(L),Reference,ECMA,5,
10/10/2024,Baseline,IB,11(L),Reference,ECMA,4.5,
10/10/2024,Baseline,IB,11(L),Reference,ECMA,3,
10/10/2024,Baseline,IB,11(L),Reference,ECMA,2,
10/10/2024,Baseline,IB,11(L),Reference,ECMA,1,
10/10/2024,Baseline,IB,11(L),Reference,ECMA,5,
10/10/2024,Baseline,IB,11(L),Reference,ECMA,3.5,
10/10/2024,Baseline,IB,11(L),Reference,ECMA,3.5,
10/10/2024,Baseline,IB,11(L),Reference,ECMA,4.5,
10/10/2024,Baseline,IB,11(L),Reference,ECMA,3,
10/10/2024,Baseline,IB,11(L),Reference,ECMA,2.5,
10/10/2024,Baseline,IB,11(L),Reference,ECMA,1,
10/10/2024,Baseline,IB,11(L),Reference,ECMA,4,
10/10/2024,Baseline,IB,11(L),Reference,ECMA,1,
10/10/2024,Baseline,IB,11(L),Reference,ECMA,3,
10/10/2024,Baseline,IB,11(L),Reference,ECMA,4,
10/10/2024,Baseline,IB,11(L),Reference,ECMA,3,
10/10/2024,Baseline,IB,11(L),Reference,ECMA,2.5,
10/10/2024,Baseline,IB,11(L),Reference,ECMA,4.5,
10/10/2024,Baseline,IB,11(L),Reference,ECMA,4,
10/10/2024,Baseline,IB,11(L),Reference,ECMA,3,
10/10/2024,Baseline,IB,11(L),Reference,ECMA,5,
10/10/2024,Baseline,IB,11(L),Reference,ECMA,3.5,
10/10/2024,Baseline,IB,11(L),Reference,ECMA,1,
4/7/2025,T1_6mo_preoutplant,DTP,1,Mesh,ECMA,12,
4/7/2025,T1_6mo_preoutplant,MA,2,Control,ECTH,3.5,
4/7/2025,T1_6mo_preoutplant,MA,2,Control,ECMA,2,
4/7/2025,T1_6mo_preoutplant,CSC,3,Boulder,ECMA,3,
4/7/2025,T1_6mo_preoutplant,CSC,3,Boulder,ECMA,1,
4/7/2025,T1_6mo_preoutplant,CSC,3,Boulder,ECMA,2,
4/7/2025,T1_6mo_preoutplant,CSC,3,Boulder,ECMA,1,
4/7/2025,T1_6mo_preoutplant,CSC,3,Boulder,ECST,2,
4/7/2025,T1_6mo_preoutplant,CSC,3,Boulder,ECST,3,
4/7/2025,T1_6mo_preoutplant,CSC,3,Boulder,ECTH,3,
4/7/2025,T1_6mo_preoutplant,CSC,3,Boulder,ECTH,3,
4/7/2025,T1_6mo_preoutplant,CSC,3,Boulder,ECTH,3.5,
4/8/2025,T1_6mo_preoutplant,DTP,5(L),Reference,ECMA,4,
4/8/2025,T1_6mo_preoutplant,DTP,5(L),Reference,ECMA,3,
4/8/2025,T1_6mo_preoutplant,DTP,5(L),Reference,ECMA,4,
4/8/2025,T1_6mo_preoutplant,DTP,5(L),Reference,ECMA,3,
4/8/2025,T1_6mo_preoutplant,DTP,5(L),Reference,ECMA,3,
4/8/2025,T1_6mo_preoutplant,DTP,5(L),Reference,ECMA,3,
4/8/2025,T1_6mo_preoutplant,DTP,5(L),Reference,ECMA,3,
4/8/2025,T1_6mo_preoutplant,DTP,5(L),Reference,ECMA,4,
4/8/2025,T1_6mo_preoutplant,DTP,5(L),Reference,ECMA,3,
4/8/2025,T1_6mo_preoutplant,DTP,5(L),Reference,ECMA,4,
4/8/2025,T1_6mo_preoutplant,DTP,5(L),Reference,ECMA,4,
4/8/2025,T1_6mo_preoutplant,DTP,5(L),Reference,ECMA,3,
4/8/2025,T1_6mo_preoutplant,DTP,5(L),Reference,ECMA,0.5,
4/8/2025,T1_6mo_preoutplant,DTP,5(L),Reference,ECMA,3,
4/8/2025,T1_6mo_preoutplant,DTP,5(L),Reference,ECMA,2,
4/7/2025,T1_6mo_preoutplant,DTP,5,Control,,,none
4/7/2025,T1_6mo_preoutplant,MA,6,Mesh,,,
4/8/2025,T1_6mo_preoutplant,DTP,6(R),Reference,ECMA,5,
4/8/2025,T1_6mo_preoutplant,DTP,6(R),Reference,ECMA,4,
4/8/2025,T1_6mo_preoutplant,DTP,6(R),Reference,ECMA,3,
4/8/2025,T1_6mo_preoutplant,DTP,6(R),Reference,ECMA,7,
4/8/2025,T1_6mo_preoutplant,DTP,6(R),Reference,ECMA,0.5,
4/8/2025,T1_6mo_preoutplant,DTP,6(R),Reference,ECMA,0.5,
4/8/2025,T1_6mo_preoutplant,DTP,6(R),Reference,ECMA,1,
4/8/2025,T1_6mo_preoutplant,DTP,6(R),Reference,ECMA,2,
4/8/2025,T1_6mo_preoutplant,DTP,6(R),Reference,ECMA,4,
4/8/2025,T1_6mo_preoutplant,DTP,6(R),Reference,ECMA,7,
4/8/2025,T1_6mo_preoutplant,DTP,6(R),Reference,ECMA,3,
4/8/2025,T1_6mo_preoutplant,DTP,6(R),Reference,ECMA,3,
4/8/2025,T1_6mo_preoutplant,DTP,6(R),Reference,ECMA,2,
4/8/2025,T1_6mo_preoutplant,DTP,6(R),Reference,ECMA,5,
4/8/2025,T1_6mo_preoutplant,DTP,6(R),Reference,ECMA,3,
4/8/2025,T1_6mo_preoutplant,DTP,6(R),Reference,ECMA,3,
4/8/2025,T1_6mo_preoutplant,DTP,6(R),Reference,ECMA,4,
4/8/2025,T1_6mo_preoutplant,DTP,6(R),Reference,ECMA,2,
4/8/2025,T1_6mo_preoutplant,DTP,6(R),Reference,ECTH,5,
4/8/2025,T1_6mo_preoutplant,DTP,6(R),Reference,ECTH,4,
4/8/2025,T1_6mo_preoutplant,DTP,6(R),Reference,ECTH,3,
4/8/2025,T1_6mo_preoutplant,DTP,6(R),Reference,ECTH,2,
4/8/2025,T1_6mo_preoutplant,DTP,6(R),Reference,ECTH,3,
4/8/2025,T1_6mo_preoutplant,DTP,6(R),Reference,ECTH,4,
4/8/2025,T1_6mo_preoutplant,DTP,6(R),Reference,DISP,5,
4/10/2025,T1_6mo_preoutplant,MSL,7,Boulder,ECMA,1.5,
4/10/2025,T1_6mo_preoutplant,MSL,7,Boulder,ECMA,2.5,
4/10/2025,T1_6mo_preoutplant,MSL,7,Boulder,ECMA,3,
4/10/2025,T1_6mo_preoutplant,MSL,7,Boulder,ECMA,2,
4/10/2025,T1_6mo_preoutplant,MSL,7,Boulder,ECMA,3,
4/10/2025,T1_6mo_preoutplant,MSL,7,Boulder,DISP,4,
4/10/2025,T1_6mo_preoutplant,MSL,7,Boulder,DISP,3,
4/10/2025,T1_6mo_preoutplant,MSL,7,Boulder,DISP,3,
4/10/2025,T1_6mo_preoutplant,MSL,7,Boulder,DISP,2,
4/10/2025,T1_6mo_preoutplant,MSL,7,Boulder,DISP,2,
4/10/2025,T1_6mo_preoutplant,MSL,7,Boulder,DISP,2,
4/10/2025,T1_6mo_preoutplant,MSL,7,Boulder,DISP,3,
4/10/2025,T1_6mo_preoutplant,MSL,7,Boulder,DISP,5,
4/10/2025,T1_6mo_preoutplant,MSL,7,Boulder,DISP,3,
4/10/2025,T1_6mo_preoutplant,MSL,7,Boulder,DISP,3.5,
4/10/2025,T1_6mo_preoutplant,MSL,7,Boulder,DISP,3.5,
4/10/2025,T1_6mo_preoutplant,MSL,7,Boulder,DISP,4,
4/10/2025,T1_6mo_preoutplant,MSL,7,Boulder,DISP,1.5,
4/8/2025,T1_6mo_preoutplant,DTP,8(L),Reference,ECMA,4.5,
4/8/2025,T1_6mo_preoutplant,DTP,8(L),Reference,ECMA,2,
4/8/2025,T1_6mo_preoutplant,DTP,8(L),Reference,ECMA,4,
4/8/2025,T1_6mo_preoutplant,DTP,8(L),Reference,ECMA,2,
4/8/2025,T1_6mo_preoutplant,DTP,8(L),Reference,ECMA,3,
4/8/2025,T1_6mo_preoutplant,DTP,8(L),Reference,ECMA,1,
4/8/2025,T1_6mo_preoutplant,DTP,8(L),Reference,ECMA,1,
4/8/2025,T1_6mo_preoutplant,DTP,8(L),Reference,ECMA,4,
4/8/2025,T1_6mo_preoutplant,DTP,8(L),Reference,ECMA,0.5,
4/8/2025,T1_6mo_preoutplant,DTP,8(L),Reference,ECMA,3,
4/8/2025,T1_6mo_preoutplant,DTP,8(L),Reference,ECMA,1,
4/8/2025,T1_6mo_preoutplant,DTP,8(L),Reference,ECMA,2,
4/8/2025,T1_6mo_preoutplant,DTP,8(L),Reference,ECMA,4,
4/8/2025,T1_6mo_preoutplant,DTP,8(L),Reference,ECMA,3,
4/8/2025,T1_6mo_preoutplant,DTP,8(L),Reference,ECMA,3,
4/8/2025,T1_6mo_preoutplant,DTP,8(L),Reference,ECMA,2,
4/8/2025,T1_6mo_preoutplant,DTP,8(L),Reference,ECMA,3,
4/7/2025,T1_6mo_preoutplant,DTP,9,Boulder,ECTH,3,
4/7/2025,T1_6mo_preoutplant,DTP,9,Boulder,ECTH,2,
4/7/2025,T1_6mo_preoutplant,DTP,9,Boulder,ECTH,2,
4/7/2025,T1_6mo_preoutplant,DTP,9,Boulder,ECTH,4,
4/7/2025,T1_6mo_preoutplant,DTP,9,Boulder,ECTH,4,
4/7/2025,T1_6mo_preoutplant,DTP,9,Boulder,ECTH,3,
4/7/2025,T1_6mo_preoutplant,DTP,9,Boulder,ECTH,2,
4/7/2025,T1_6mo_preoutplant,DTP,9,Boulder,ECTH,2,
4/7/2025,T1_6mo_preoutplant,DTP,9,Boulder,ECTH,2,
4/7/2025,T1_6mo_preoutplant,DTP,9,Boulder,ECTH,3,
4/7/2025,T1_6mo_preoutplant,DTP,9,Boulder,ECTH,2,
4/7/2025,T1_6mo_preoutplant,DTP,9,Boulder,ECMA,3,
4/7/2025,T1_6mo_preoutplant,DTP,9,Boulder,ECMA,4,
4/7/2025,T1_6mo_preoutplant,DTP,9,Boulder,ECMA,3,
4/7/2025,T1_6mo_preoutplant,DTP,9,Boulder,ECMA,3,
4/7/2025,T1_6mo_preoutplant,DTP,9,Boulder,ECMA,2,
4/7/2025,T1_6mo_preoutplant,DTP,9,Boulder,ECMA,3,
4/7/2025,T1_6mo_preoutplant,DTP,9,Boulder,ECMA,2,
4/7/2025,T1_6mo_preoutplant,DTP,9,Boulder,ECST,2,
4/7/2025,T1_6mo_preoutplant,DTP,9,Boulder,ECST,3,
4/7/2025,T1_6mo_preoutplant,DTP,9,Boulder,ECST,3,
4/7/2025,T1_6mo_preoutplant,DTP,9,Boulder,ECST,3,
4/7/2025,T1_6mo_preoutplant,DTP,9,Boulder,ECST,2,
4/7/2025,T1_6mo_preoutplant,DTP,9,Boulder,ECST,3,
4/7/2025,T1_6mo_preoutplant,DTP,9,Boulder,ECST,2,
4/7/2025,T1_6mo_preoutplant,CSC,10,Control,,,
4/7/2025,T1_6mo_preoutplant,CSC,11,Boulder,DISP,1.4,
4/7/2025,T1_6mo_preoutplant,CSC,11,Boulder,DISP,5,
4/7/2025,T1_6mo_preoutplant,CSC,11,Boulder,DISP,1.8,
4/7/2025,T1_6mo_preoutplant,CSC,11,Boulder,DISP,5,
4/7/2025,T1_6mo_preoutplant,CSC,11,Boulder,DISP,4,
4/7/2025,T1_6mo_preoutplant,CSC,11,Boulder,DISP,1,
4/7/2025,T1_6mo_preoutplant,CSC,11,Boulder,ECMA,3,
4/7/2025,T1_6mo_preoutplant,CSC,11,Boulder,ECMA,3,
4/7/2025,T1_6mo_preoutplant,CSC,11,Boulder,ECMA,1.5,
4/7/2025,T1_6mo_preoutplant,CSC,11,Boulder,ECMA,2.5,
4/7/2025,T1_6mo_preoutplant,CSC,11,Boulder,ECMA,3,
4/7/2025,T1_6mo_preoutplant,CSC,11,Boulder,ECMA,1,
4/7/2025,T1_6mo_preoutplant,CSC,11,Boulder,ECTH,1,
4/7/2025,T1_6mo_preoutplant,CSC,11,Boulder,ECTH,5,
4/8/2025,T1_6mo_preoutplant,DTP,11(L),Reference,ECMA,3,
4/8/2025,T1_6mo_preoutplant,DTP,11(L),Reference,ECMA,3,
4/8/2025,T1_6mo_preoutplant,DTP,11(L),Reference,ECMA,3,
4/8/2025,T1_6mo_preoutplant,DTP,11(L),Reference,ECMA,3,
4/8/2025,T1_6mo_preoutplant,DTP,11(L),Reference,ECMA,4,
4/8/2025,T1_6mo_preoutplant,DTP,11(L),Reference,ECMA,3,
4/8/2025,T1_6mo_preoutplant,DTP,11(L),Reference,ECMA,1,
4/8/2025,T1_6mo_preoutplant,DTP,11(L),Reference,ECMA,2,
4/8/2025,T1_6mo_preoutplant,DTP,11(L),Reference,ECMA,3,
4/8/2025,T1_6mo_preoutplant,DTP,11(L),Reference,ECMA,2,
4/8/2025,T1_6mo_preoutplant,DTP,11(L),Reference,ECMA,3,
4/8/2025,T1_6mo_preoutplant,DTP,11(L),Reference,ECMA,2,
4/8/2025,T1_6mo_preoutplant,DTP,11(L),Reference,ECMA,3,
4/8/2025,T1_6mo_preoutplant,DTP,11(L),Reference,ECMA,4,
4/8/2025,T1_6mo_preoutplant,DTP,11(L),Reference,ECMA,1.5,
4/8/2025,T1_6mo_preoutplant,DTP,11(L),Reference,ECMA,2.5,
4/8/2025,T1_6mo_preoutplant,DTP,11(L),Reference,ECST,3,
4/8/2025,T1_6mo_preoutplant,DTP,11(L),Reference,ECST,2,
4/8/2025,T1_6mo_preoutplant,DTP,11(L),Reference,ECST,0.5,
4/8/2025,T1_6mo_preoutplant,DTP,11(L),Reference,ECST,2,
4/8/2025,T1_6mo_preoutplant,DTP,11(L),Reference,ECST,3,
4/8/2025,T1_6mo_preoutplant,DTP,11(L),Reference,ECST,2,
4/8/2025,T1_6mo_preoutplant,DTP,11(L),Reference,ECTH,10,
4/8/2025,T1_6mo_preoutplant,MA,13,Control,ECST,1.5,
4/8/2025,T1_6mo_preoutplant,MA,13,Control,ECTH,1.5,
4/10/2025,T1_6mo_preoutplant,CRJ,16,Mesh,ECTH,1.5,
4/10/2025,T1_6mo_preoutplant,MSL,17,Boulder,ECMA,2,
4/10/2025,T1_6mo_preoutplant,MSL,17,Boulder,ECMA,2,
4/10/2025,T1_6mo_preoutplant,MSL,17,Boulder,ECMA,2,
4/10/2025,T1_6mo_preoutplant,MSL,17,Boulder,ECMA,2,
4/10/2025,T1_6mo_preoutplant,MSL,17,Boulder,ECTH,2,
4/10/2025,T1_6mo_preoutplant,MSL,17,Boulder,ECTH,2.5,
4/9/2025,T1_6mo_preoutplant,DTP,20,Control,,,
4/10/2025,T1_6mo_preoutplant,CSC,21,Boulder,ECMA,2.1,
4/10/2025,T1_6mo_preoutplant,CSC,21,Boulder,ECMA,2.5,
4/10/2025,T1_6mo_preoutplant,CSC,21,Boulder,ECMA,2,
4/10/2025,T1_6mo_preoutplant,CSC,21,Boulder,ECMA,2,
4/10/2025,T1_6mo_preoutplant,CSC,21,Boulder,ECTH,1,
4/10/2025,T1_6mo_preoutplant,CSC,21,Boulder,ECTH,1,
4/10/2025,T1_6mo_preoutplant,CSC,21,Boulder,DISP,3,
4/10/2025,T1_6mo_preoutplant,CSC,21,Boulder,DISP,3.5,
4/10/2025,T1_6mo_preoutplant,CSC,21,Boulder,DISP,2,
4/10/2025,T1_6mo_preoutplant,CSC,21,Boulder,ECST,1,
4/10/2025,T1_6mo_preoutplant,MSL,22,Boulder,ECMA,2.5,
4/10/2025,T1_6mo_preoutplant,MSL,22,Boulder,ECMA,1.5,
4/10/2025,T1_6mo_preoutplant,MSL,22,Boulder,ECMA,1,
4/10/2025,T1_6mo_preoutplant,MSL,22,Boulder,ECMA,2,
4/10/2025,T1_6mo_preoutplant,MSL,22,Boulder,DISP,2.5,
4/10/2025,T1_6mo_preoutplant,MSL,22,Boulder,DISP,3,
4/10/2025,T1_6mo_preoutplant,MSL,22,Boulder,ECTH,5,
4/10/2025,T1_6mo_preoutplant,MSL,22,Boulder,ECTH,2.5,
4/10/2025,T1_6mo_preoutplant,MSL,22,Boulder,ECTH,2,
4/10/2025,T1_6mo_preoutplant,MSL,22,Boulder,ECST,2,
4/10/2025,T1_6mo_preoutplant,CRJ,24,Mesh,,,
4/10/2025,T1_6mo_preoutplant,MSL,25,Boulder,DISP,3,
4/10/2025,T1_6mo_preoutplant,MSL,25,Boulder,DISP,3,
4/10/2025,T1_6mo_preoutplant,MSL,25,Boulder,DISP,6,
4/10/2025,T1_6mo_preoutplant,MSL,25,Boulder,DISP,4,
4/10/2025,T1_6mo_preoutplant,MSL,25,Boulder,DISP,4.5,
4/10/2025,T1_6mo_preoutplant,MSL,25,Boulder,DISP,7,
4/10/2025,T1_6mo_preoutplant,MSL,25,Boulder,DISP,2,
4/10/2025,T1_6mo_preoutplant,MSL,25,Boulder,DISP,7,
4/10/2025,T1_6mo_preoutplant,MSL,25,Boulder,ECST,1.5,
4/10/2025,T1_6mo_preoutplant,MSL,25,Boulder,ECMA,2,
4/10/2025,T1_6mo_preoutplant,MSL,25,Boulder,ECMA,3,
4/10/2025,T1_6mo_preoutplant,MSL,25,Boulder,ECTH,2,
4/9/2025,T1_6mo_preoutplant,DTP,26,Control,,,
4/9/2025,T1_6mo_preoutplant,DTP,29,Control,,,
4/10/2025,T1_6mo_preoutplant,CSC,30,Mesh,TRGA,8,
4/8/2025,T1_6mo_preoutplant,TLK,0(R),Reference,ECMA,1.5,
4/8/2025,T1_6mo_preoutplant,TLK,0(R),Reference,ECMA,1.5,
4/8/2025,T1_6mo_preoutplant,TLK,0(R),Reference,ECMA,1.5,
4/8/2025,T1_6mo_preoutplant,TLK,0(R),Reference,ECMA,1.5,
4/8/2025,T1_6mo_preoutplant,TLK,0(R),Reference,ECMA,2,
4/8/2025,T1_6mo_preoutplant,TLK,0(R),Reference,ECMA,2,
4/8/2025,T1_6mo_preoutplant,TLK,0(R),Reference,ECMA,2.5,
4/8/2025,T1_6mo_preoutplant,TLK,0(R),Reference,ECMA,2.5,
4/8/2025,T1_6mo_preoutplant,TLK,0(R),Reference,ECMA,2.5,
4/8/2025,T1_6mo_preoutplant,TLK,0(R),Reference,ECMA,3,
4/8/2025,T1_6mo_preoutplant,TLK,0(R),Reference,ECMA,3,
4/8/2025,T1_6mo_preoutplant,TLK,0(R),Reference,ECST,2,
4/8/2025,T1_6mo_preoutplant,TLK,0(R),Reference,ECST,1.5,
4/8/2025,T1_6mo_preoutplant,TLK,0(R),Reference,ECST,1.5,
4/8/2025,T1_6mo_preoutplant,TLK,12(R),Reference,DISP,9,
4/8/2025,T1_6mo_preoutplant,TLK,12(R),Reference,DISP,7,
4/8/2025,T1_6mo_preoutplant,TLK,12(R),Reference,ECTH,8,
4/8/2025,T1_6mo_preoutplant,TLK,12(R),Reference,ECMA,2.5,
4/8/2025,T1_6mo_preoutplant,TLK,12(R),Reference,ECMA,2.5,
4/8/2025,T1_6mo_preoutplant,TLK,12(R),Reference,ECMA,2.5,
4/8/2025,T1_6mo_preoutplant,TLK,12(R),Reference,ECMA,2.5,
4/8/2025,T1_6mo_preoutplant,TLK,12(R),Reference,ECMA,2.5,
4/8/2025,T1_6mo_preoutplant,TLK,12(R),Reference,ECMA,3,
4/8/2025,T1_6mo_preoutplant,TLK,12(R),Reference,ECMA,2,
4/8/2025,T1_6mo_preoutplant,TLK,12(R),Reference,HEMA,6,
4/8/2025,T1_6mo_preoutplant,MSL,14(L),Reference,ECMA,4,
4/8/2025,T1_6mo_preoutplant,MSL,14(L),Reference,ECMA,2,
4/8/2025,T1_6mo_preoutplant,MSL,14(L),Reference,ECMA,3,
4/8/2025,T1_6mo_preoutplant,MSL,14(L),Reference,ECMA,1,
4/8/2025,T1_6mo_preoutplant,MSL,14(L),Reference,ECMA,1,
4/8/2025,T1_6mo_preoutplant,MSL,14(L),Reference,ECMA,3,
4/8/2025,T1_6mo_preoutplant,MSL,14(L),Reference,ECMA,4,
4/8/2025,T1_6mo_preoutplant,MSL,14(L),Reference,ECMA,3,
4/8/2025,T1_6mo_preoutplant,MSL,14(L),Reference,ECMA,3,
4/8/2025,T1_6mo_preoutplant,MSL,14(L),Reference,ECMA,2,
4/8/2025,T1_6mo_preoutplant,MSL,14(L),Reference,ECMA,2,
4/8/2025,T1_6mo_preoutplant,MSL,14(L),Reference,ECMA,2,
4/8/2025,T1_6mo_preoutplant,MSL,14(L),Reference,ECMA,1.5,
4/8/2025,T1_6mo_preoutplant,MSL,14(L),Reference,ECMA,3,
4/8/2025,T1_6mo_preoutplant,MSL,14(L),Reference,ECMA,4,
4/8/2025,T1_6mo_preoutplant,MSL,14(L),Reference,ECMA,3,
4/8/2025,T1_6mo_preoutplant,MSL,14(L),Reference,ECMA,2,
4/8/2025,T1_6mo_preoutplant,MSL,14(L),Reference,ECTH,8,
4/8/2025,T1_6mo_preoutplant,MSL,14(L),Reference,ECST,2,
4/8/2025,T1_6mo_preoutplant,TLK,2(L),Reference,ECMA,1.5,
4/8/2025,T1_6mo_preoutplant,TLK,2(L),Reference,ECMA,1.5,
4/8/2025,T1_6mo_preoutplant,TLK,2(L),Reference,ECMA,1.5,
4/8/2025,T1_6mo_preoutplant,TLK,2(L),Reference,ECMA,1.5,
4/8/2025,T1_6mo_preoutplant,TLK,2(L),Reference,ECMA,1.5,
4/8/2025,T1_6mo_preoutplant,TLK,2(L),Reference,ECMA,1.5,
4/8/2025,T1_6mo_preoutplant,TLK,2(L),Reference,ECMA,1.5,
4/8/2025,T1_6mo_preoutplant,TLK,2(L),Reference,ECMA,2,
4/8/2025,T1_6mo_preoutplant,TLK,2(L),Reference,ECMA,2,
4/8/2025,T1_6mo_preoutplant,TLK,2(L),Reference,ECMA,2,
4/8/2025,T1_6mo_preoutplant,TLK,2(L),Reference,ECMA,2.5,
4/8/2025,T1_6mo_preoutplant,TLK,2(L),Reference,ECMA,2.5,
4/8/2025,T1_6mo_preoutplant,TLK,2(L),Reference,ECMA,2.5,
4/8/2025,T1_6mo_preoutplant,TLK,2(L),Reference,ECMA,3,
4/8/2025,T1_6mo_preoutplant,TLK,2(L),Reference,ECMA,3,
4/8/2025,T1_6mo_preoutplant,TLK,2(L),Reference,ECMA,3.5,
4/8/2025,T1_6mo_preoutplant,TLK,2(L),Reference,ECMA,3.5,
4/8/2025,T1_6mo_preoutplant,TLK,2(L),Reference,ECST,2.5,
4/8/2025,T1_6mo_preoutplant,TLK,2(L),Reference,CUNO,8,Culcita novaeguineae (cushion star)
4/8/2025,T1_6mo_preoutplant,TLK,3(R),Reference,ECMA,3.5,
4/8/2025,T1_6mo_preoutplant,TLK,3(R),Reference,ECMA,3.5,
4/8/2025,T1_6mo_preoutplant,TLK,3(R),Reference,ECMA,2,
4/8/2025,T1_6mo_preoutplant,TLK,3(R),Reference,ECMA,2,
4/8/2025,T1_6mo_preoutplant,TLK,3(R),Reference,ECMA,2,
4/8/2025,T1_6mo_preoutplant,TLK,3(R),Reference,ECMA,2,
4/8/2025,T1_6mo_preoutplant,TLK,3(R),Reference,ECMA,2,
4/8/2025,T1_6mo_preoutplant,TLK,3(R),Reference,ECMA,3,
4/8/2025,T1_6mo_preoutplant,TLK,3(R),Reference,ECMA,3,
4/8/2025,T1_6mo_preoutplant,TLK,3(R),Reference,ECMA,3,
4/8/2025,T1_6mo_preoutplant,TLK,3(R),Reference,ECMA,1.5,
4/8/2025,T1_6mo_preoutplant,TLK,3(R),Reference,ECMA,1.5,
4/8/2025,T1_6mo_preoutplant,TLK,3(R),Reference,ECMA,1.5,
4/8/2025,T1_6mo_preoutplant,TLK,3(R),Reference,ECMA,1.5,
4/8/2025,T1_6mo_preoutplant,TLK,3(R),Reference,ECMA,2.5,
4/8/2025,T1_6mo_preoutplant,TLK,3(R),Reference,ECMA,2.5,
4/8/2025,T1_6mo_preoutplant,MSL,9(R),Reference,ECMA,4,
4/8/2025,T1_6mo_preoutplant,MSL,9(R),Reference,ECMA,4,
4/8/2025,T1_6mo_preoutplant,MSL,9(R),Reference,ECMA,2,
4/8/2025,T1_6mo_preoutplant,MSL,9(R),Reference,ECMA,2,
4/8/2025,T1_6mo_preoutplant,MSL,9(R),Reference,ECMA,1,
4/8/2025,T1_6mo_preoutplant,MSL,9(R),Reference,ECMA,3,
4/8/2025,T1_6mo_preoutplant,MSL,9(R),Reference,ECMA,1.5,
4/8/2025,T1_6mo_preoutplant,MSL,9(R),Reference,ECMA,5,
4/8/2025,T1_6mo_preoutplant,MSL,9(R),Reference,ECMA,2,
4/8/2025,T1_6mo_preoutplant,MSL,9(R),Reference,ECMA,1,
4/8/2025,T1_6mo_preoutplant,MSL,9(R),Reference,ECMA,4,
4/8/2025,T1_6mo_preoutplant,MSL,9(R),Reference,ECMA,4,
4/8/2025,T1_6mo_preoutplant,MSL,9(R),Reference,ECMA,2.5,
4/8/2025,T1_6mo_preoutplant,MSL,9(R),Reference,ECMA,1,
4/8/2025,T1_6mo_preoutplant,MSL,9(R),Reference,ECMA,1.5,
4/8/2025,T1_6mo_preoutplant,MSL,9(R),Reference,ECMA,4,
4/8/2025,T1_6mo_preoutplant,MSL,9(R),Reference,ECMA,2.5,
4/8/2025,T1_6mo_preoutplant,MSL,9(R),Reference,ECMA,3,
4/8/2025,T1_6mo_preoutplant,MSL,9(R),Reference,ECST,1,
4/9/2025,T1_6mo_preoutplant,CGA,18,Mesh,,,
4/9/2025,T1_6mo_preoutplant,CGA,19,Control,,,
4/9/2025,T1_6mo_preoutplant,CGA,23,Control,,,
4/8/2025,T1_6mo_preoutplant,CGA,4,Control,,,
4/8/2025,T1_6mo_preoutplant,CGA,8,Boulder,ECST,3.3,
4/8/2025,T1_6mo_preoutplant,CGA,8,Boulder,ECST,5,
4/8/2025,T1_6mo_preoutplant,CGA,8,Boulder,ECST,2,
4/8/2025,T1_6mo_preoutplant,CGA,8,Boulder,ECST,3,
4/8/2025,T1_6mo_preoutplant,CGA,8,Boulder,ECMA,2,
4/8/2025,T1_6mo_preoutplant,CGA,8,Boulder,ECMA,2,
4/8/2025,T1_6mo_preoutplant,CGA,8,Boulder,ECMA,3,
4/10/2025,T1_6mo_preoutplant,KHF,27,Mesh,,,
4/10/2025,T1_6mo_preoutplant,KHF,14,Mesh,,,"DISP near plot, none inside"
4/10/2025,T1_6mo_preoutplant,KHF,18,Mesh,,,
4/7/2025,T1_6mo_preoutplant,CGA,12,Mesh,,,
4/7/2025,T1_6mo_preoutplant,CGA,15,Boulder,ECST,1,
4/7/2025,T1_6mo_preoutplant,CGA,15,Boulder,ECST,5,
4/7/2025,T1_6mo_preoutplant,CGA,15,Boulder,ECST,3,
4/7/2025,T1_6mo_preoutplant,CGA,15,Boulder,ECST,3,
4/7/2025,T1_6mo_preoutplant,CGA,15,Boulder,ECST,3,
4/7/2025,T1_6mo_preoutplant,CGA,15,Boulder,ECST,4,
4/7/2025,T1_6mo_preoutplant,CGA,15,Boulder,ECST,1,
4/7/2025,T1_6mo_preoutplant,CGA,15,Boulder,ECTH,1,
4/7/2025,T1_6mo_preoutplant,CGA,15,Boulder,ECTH,4,
4/7/2025,T1_6mo_preoutplant,CGA,15,Boulder,ECMA,2,
4/10/2025,T1_6mo_preoutplant,CGA,28,Mesh,,,
